Fn,Stats,GA,PSO
F1,Avg,1.2488566946788407e-07,2.3547948284272386e-11
 ,Std,1.6896393060883766e-07,4.8990188316106356e-12
 ,Rank,2.0,1.0
F2,Avg,2.1800777614762805e-10,2.7056334736992696e-13
 ,Std,2.1514043576388542e-10,3.6956694123705793e-13
 ,Rank,2.0,1.0
