Fn,Stats,GA,PSO
F1,Avg,5.704898288822087,2.087086685606383
 ,Std,2.257293787281905,0.6473002902322529
 ,Rank,2.0,2.0
F2,Avg,-186.3603081679747,-186.4112127112689
 ,Std,0.14484806919029436,0.0
 ,Rank,1.0,1.0
