No,Function,GA Average,GA Std
1,ackley,1.9013692963438213,1.6624780823453533
2,zimmerman,645.05,96.4958418793266
