No,Function,GA Average,GA Std
1,ackley,2.259819085868604,1.4182487681007103
2,zimmerman,666.1,175.79786688125654
