No,Function,GA Average,GA Std
1,ackleyn2,-199.55605758590428,0.3371225028085662
