No,Function,GA Average,GA Std
1,ackleyn2,-199.56099810971577,0.4527845673284396
